<?xml version="1.0" encoding="UTF-8"?>
<!DOCTYPE configuration PUBLIC "-//mybatis.org//DTD Config 3.0//EN"
        "http://mybatis.org/dtd/mybatis-3-config.dtd">
<configuration>
    <typeAliases>
        <typeAlias type="com.tom.spitter.db.Spittles" alias="Spittles"/>
    </typeAliases>
        <environments default="development">
            <environment id="development">
                <transactionManager type="JDBC"></transactionManager>
                <dataSource type="POOLED">
                    <property name="driver" value="com.mysql.cj.jdbc.Driver"/>
                    <property name="url"
                              value="jdbc:mysql://localhost:3306/crashcourse?useSSL=false&amp;serverTimezone=UTC&amp;useUnicode=true&amp;characterEncoding=utf-8"/>
                    <property name="username" value="user"/>
                    <property name="password" value="Abc123456"/>
                </dataSource>
            </environment>
        </environments>
    <mappers>
        <mapper resource="SpittlesMapper.xml"/>
    </mappers>
</configuration>