<?xml version="1.0" encoding="UTF-8"?>
<beans xmlns="http://www.springframework.org/schema/beans"
       xmlns:xsi="http://www.w3.org/2001/XMLSchema-instance"
       xmlns:context="http://www.springframework.org/schema/context"
       xmlns:aop="http://www.springframework.org/schema/aop"
       xsi:schemaLocation="
       http://www.springframework.org/schema/aop http://www.springframework.org/schema/aop/spring-aop.xsd
       http://www.springframework.org/schema/context http://www.springframework.org/schema/context/spring-context.xsd
       http://www.springframework.org/schema/beans http://www.springframework.org/schema/beans/spring-beans.xsd">
    <bean class="com.tom.concert.BlankDisc" id="blankDisc" autowire="byType">
        <property name="artist">
            <list>
                <value>zhangsan</value>
                <value>lisi</value>
                <value>wangwu</value>
            </list>
        </property>
        <property name="song">
            <list>
                <value>qingge</value>
                <value>jiade</value>
                <value>laji</value>
            </list>
        </property>
        <property name="track">
            <list>
                <value>1</value>
                <value>2</value>
                <value>3</value>
            </list>
        </property>
    </bean>
<!--    <bean class="com.tom.concert.TrackCounter" id="counter"></bean>-->
<!--    <aop:config>-->
<!--        <aop:pointcut id="counterasp" expression="execution(* com.tom.concert.BlankDisc.playTrack(int)) and args(num)"/>-->
<!--        <aop:aspect ref="counter">-->
<!--            <aop:before method="addTrack" pointcut-ref="counterasp" arg-names="num"></aop:before>-->
<!--        </aop:aspect>-->
<!--    </aop:config>-->
</beans>